"Merchant","Member Group","ID","Login","Account Status","Member Tag","Affiliate Login","Aff Group Category","Currency","Registration date","#Dep","Total Deposit","#Wd","Total Withdrawal","#Adj","Amount","#Bet","Bet Amount","Valid Bet","Win/Loss","Total Bonus Count","Total Bonus","Total Cancelled Bonus","Total Rebate","Total Cashback","Total Reward","Total Referral Comm","Total W/L","Promo Turnover","Promo Win/Loss"
"aw8","VIP BRONZE","763640","=""sunshine218""","A","","=""""","","SGD","2020-01-06 03:20:28","2","730.000000","1","2000.000000","0","0.000000","23","5572.000000","4753.200000","1255.20","0","0.000000","0.000000","13.650000","0.000000","0.000000","0.000000","1268.85","0.000000","0.000000"
"aw8","VIP GOLD","1005279","=""ahpek88""","A","","=""aff123""","","SGD","2020-02-23 05:04:40","0","0.000000","0","0.000000","0","0.000000","0","0.000000","0.000000","0.00","0","0.000000","0.000000","0.740000","0.000000","0.000000","0.000000","0.74","0.000000","0.000000"
"aw8","VIP BRONZE","1195737","=""romeobing""","A","","=""""","","SGD","2020-03-19 19:59:16","2","70.000000","1","300.000000","1","118.000000","696","783.355000","783.355000","107.81","1","118.000000","0.000000","2.200000","0.000000","0.000000","0.000000","228.01","0.000000","0.000000"
"aw8","VIP SILVER","1507193","=""lkwong""","A","","=""aff123""","","SGD","2020-04-20 14:24:30","6","1500.000000","0","0.000000","0","0.000000","322","10855.600000","8456.900000","-1533.10","0","0.000000","0.000000","17.390000","0.000000","15.850000","0.000000","-1499.86","0.000000","0.000000"
"aw8","REGULAR [V]","3188260","=""newfangled""","A","","=""exo1""","","SGD","2020-10-08 07:46:57","0","0.000000","0","0.000000","0","0.000000","4","98.000000","58.000000","-58.00","1","58.000000","0.000000","0.000000","0.000000","0.000000","0.000000","0.00","58.000000","0.000000"
"aw8","VIP GOLD","3441024","=""insanity""","A","","=""seosg""","","SGD","2020-11-08 19:33:24","10","1900.000000","10","3084.000000","0","0.000000","826","9028.000000","8303.000000","917.20","1","210.000000","0.000000","40.630000","0.000000","20.100000","0.000000","1187.93","912.500000","0.000000"
"aw8","VIP GOLD","3920424","=""gummy555""","A","","=""""","","SGD","2021-01-03 16:42:54","39","119500.000000","6","46739.000000","1","1288.000000","4787","1380181.500000","1210192.440000","-81168.31","2","1576.000000","0.000000","6382.330000","0.000000","448.180000","0.000000","-72761.80","535.000000","0.000000"
"aw8","REGULAR","3920931","=""jondoe""","A","","=""""","","SGD","2021-01-03 17:55:32","2","50.000000","0","0.000000","0","0.000000","2204","672.900000","672.900000","-90.70","0","0.000000","0.000000","1.570000","0.000000","0.000000","0.000000","-89.13","0.000000","0.000000"
"aw8","REGULAR","3958854","=""cyoujames""","A","","=""""","","SGD","2021-01-08 10:30:50","0","0.000000","0","0.000000","0","0.000000","0","0.000000","0.000000","0.00","0","0.000000","0.000000","4.680000","0.000000","0.000000","0.000000","4.68","0.000000","0.000000"
"aw8","REGULAR","4267557","=""teeyuxuan""","A","Fake Number","=""seosg""","","SGD","2021-02-11 17:32:11","3","220.000000","1","147.000000","0","0.000000","4","233.000000","215.840000","-45.84","0","0.000000","0.000000","1.030000","0.000000","0.000000","0.000000","-44.81","0.000000","0.000000"
"aw8","VIP GOLD","4336954","=""neilliu""","A","Main customer / VIP member","=""seosg""","","SGD","2021-02-18 14:28:55","3","9176.000000","1","10703.000000","1","875.250000","147","21667.000000","17210.750000","-123.25","2","1325.250000","0.000000","83.800000","0.000000","247.590000","0.000000","1533.39","450.000000","0.000000"
"aw8","REGULAR","4370833","=""gord888""","A","","=""seosg""","","SGD","2021-02-22 10:41:19","5","289.000000","3","311.000000","0","0.000000","48","2432.000000","1814.930000","-72.07","0","0.000000","0.000000","9.490000","0.000000","3.890000","0.000000","-58.69","0.000000","0.000000"
"aw8","REGULAR","4480433","=""zlotnik""","A","","=""seosg""","","SGD","2021-03-06 17:14:42","0","0.000000","0","0.000000","0","0.000000","13","1256.000000","1043.000000","-505.40","0","0.000000","0.000000","8.130000","0.000000","0.000000","0.000000","-497.27","0.000000","0.000000"
"aw8","REGULAR","4722586","=""karthik007""","A","","=""discoman""","","SGD","2021-04-01 11:51:28","2","200.000000","1","800.000000","0","0.000000","81","2704.200000","1729.000000","598.10","0","0.000000","0.000000","1.940000","0.000000","0.000000","0.000000","600.04","0.000000","0.000000"
"aw8","VIP BRONZE","4771720","=""kunal2209""","A","Special Upgrade VIP (Small)","=""""","","SGD","2021-04-07 07:45:06","0","0.000000","0","0.000000","0","0.000000","0","0.000000","0.000000","0.00","0","0.000000","0.000000","0.230000","0.000000","0.000000","0.000000","0.23","0.000000","0.000000"
"aw8","REGULAR","4781271","=""calee""","A","","=""discoman""","","SGD","2021-04-08 07:12:14","0","0.000000","1","108.820000","0","0.000000","24","5410.000000","4982.500000","-2717.50","0","0.000000","0.000000","17.390000","0.000000","0.000000","0.000000","-2700.11","0.000000","0.000000"
"aw8","REGULAR","5065269","=""loyuol93""","A","","=""seosg""","","SGD","2021-05-11 03:23:46","4","310.000000","0","0.000000","0","0.000000","190","9276.000000","5814.225000","-266.28","0","0.000000","0.000000","27.550000","0.000000","2.100000","0.000000","-236.63","0.000000","0.000000"
"aw8","REGULAR","5291243","=""mirul88""","A","","=""seosg""","","SGD","2021-06-04 05:33:24","3","500.000000","0","0.000000","1","68.000000","381","9671.750000","7498.750000","-575.00","1","68.000000","0.000000","8.180000","0.000000","0.000000","0.000000","-498.82","0.000000","0.000000"
"aw8","REGULAR","5305073","=""raymond1989""","A","","=""discoman""","","SGD","2021-06-05 07:11:39","2","40.000000","0","0.000000","0","0.000000","3","53.000000","43.280000","-43.28","0","0.000000","0.000000","0.760000","0.000000","0.000000","0.000000","-42.52","0.000000","0.000000"
"aw8","VIP GOLD","5402753","=""jlzr1986""","A","Fake Number,VIP TRANSFER PLAN","=""""","","SGD","2021-06-11 15:25:16","2","650.000000","0","0.000000","1","68.000000","1556","6728.350000","5589.550000","-761.80","1","68.000000","0.000000","19.870000","0.000000","23.970000","0.000000","-649.96","0.000000","0.000000"
"aw8","VIP BRONZE","5536448","=""vino2509""","A","SAME PASSWORD USER","=""seosg""","","SGD","2021-06-21 06:46:42","0","0.000000","0","0.000000","0","0.000000","0","0.000000","0.000000","0.00","0","0.000000","0.000000","0.010000","0.000000","0.000000","0.000000","0.01","0.000000","0.000000"
"aw8","VIP GOLD","5650646","=""heng8888""","A","Main customer / VIP member","=""seosg""","","SGD","2021-06-30 00:46:25","8","2496.000000","3","2625.000000","0","0.000000","771","11162.500000","8986.950000","82.03","0","0.000000","0.000000","45.670000","0.000000","0.000000","0.000000","127.70","0.000000","0.000000"
"aw8","VIP BRONZE","5720147","=""ayron""","A","","=""discoman""","","SGD","2021-07-06 02:48:05","3","1000.000000","1","740.000000","0","0.000000","870","8053.410000","7984.610000","-279.81","0","0.000000","0.000000","22.380000","0.000000","0.000000","0.000000","-257.43","0.000000","0.000000"
"aw8","REGULAR","5849514","=""rajkumar2021""","A","","=""seosg""","","SGD","2021-07-18 01:47:42","3","1000.000000","0","0.000000","0","0.000000","1825","4293.180000","4293.180000","-1036.22","0","0.000000","0.000000","20.830000","0.000000","14.460000","0.000000","-1000.93","0.000000","0.000000"
"aw8","VIP GOLD","5869070","=""desireegoh20""","A","","=""seosg""","","SGD","2021-07-19 13:52:37","3","905.000000","2","2009.000000","1","118.000000","1093","36639.000000","28750.700000","734.00","1","118.000000","0.000000","138.270000","0.000000","113.170000","0.000000","1103.44","0.000000","0.000000"
"aw8","VIP PLATINIUM","6035079","=""ha3ker666""","A","","=""""","","SGD","2021-08-02 23:58:45","1","600.000000","1","700.000000","1","294.250000","265","13283.000000","11101.350000","-1250.65","1","294.250000","0.000000","57.380000","0.000000","0.000000","0.000000","-899.02","0.000000","0.000000"
"aw8","VIP SILVER","6087519","=""saffirin91""","A","","=""discoman""","","SGD","2021-08-06 09:49:39","2","76.000000","0","0.000000","1","68.000000","875","1047.800000","1047.800000","-143.29","1","68.000000","0.000000","0.000000","0.000000","0.000000","0.000000","-75.29","0.000000","0.000000"
"aw8","VIP SILVER","6209388","=""worldpeac3""","A","SAME PASSWORD USER","=""""","","SGD","2021-08-14 18:38:08","0","0.000000","0","0.000000","0","0.000000","5","355.000000","196.000000","97.57","0","0.000000","0.000000","2.100000","0.000000","0.000000","0.000000","99.67","0.000000","0.000000"
"aw8","REGULAR","6472359","=""muogu94""","A","","=""""","","SGD","2021-08-28 07:58:12","1","24.000000","0","0.000000","0","0.000000","2","52.000000","52.000000","-52.00","0","0.000000","0.000000","0.260000","0.000000","0.000000","0.000000","-51.74","0.000000","0.000000"
"aw8","REGULAR","6476900","=""loozai""","A","","=""""","","SGD","2021-08-28 13:05:38","0","0.000000","0","0.000000","0","0.000000","2","51.000000","51.000000","-51.00","0","0.000000","0.000000","0.260000","0.000000","0.000000","0.000000","-50.74","0.000000","0.000000"
"aw8","REGULAR","6729097","=""luckytime""","A","","=""""","","SGD","2021-09-08 23:01:20","4","1200.000000","0","0.000000","0","0.000000","266","6597.140000","4848.540000","-1263.70","1","40.000000","0.000000","13.970000","0.000000","10.470000","0.000000","-1199.26","243.400000","0.000000"
"aw8","REGULAR","6933038","=""longsgpro""","A","","=""""","","SGD","2021-09-18 07:00:22","2","358.000000","0","0.000000","1","68.000000","63","2284.000000","2091.500000","-430.50","1","68.000000","0.000000","4.790000","0.000000","0.000000","0.000000","-357.71","0.000000","0.000000"
"aw8","REGULAR","6996405","=""icgnow88""","A","","=""""","","SGD","2021-09-21 08:47:33","0","0.000000","0","0.000000","0","0.000000","0","0.000000","0.000000","0.00","0","0.000000","0.000000","0.250000","0.000000","0.000000","0.000000","0.25","0.000000","0.000000"
"aw8","VIP SILVER","7001261","=""onglaigogo88""","A","","=""discoman""","","SGD","2021-09-21 13:52:34","24","7002.530000","6","5932.900000","1","644.890000","8496","40712.400000","40699.900000","-2020.28","1","644.890000","0.000000","225.380000","0.000000","79.920000","0.000000","-1070.09","0.000000","0.000000"
"aw8","VIP BRONZE","7643539","=""zarko""","A","Special Upgrade VIP (Big)","=""""","","SGD","2021-10-25 08:21:41","4","189.000000","0","0.000000","0","0.000000","1","176.720000","176.720000","-90.00","0","0.000000","0.000000","0.000000","0.000000","0.000000","0.000000","-90.00","0.000000","0.000000"
"aw8","REGULAR","8120684","=""aiko1988""","A","","=""""","","SGD","2021-11-26 10:06:31","0","0.000000","1","1000.000000","0","0.000000","100","3016.100000","2103.410000","222.36","0","0.000000","0.000000","23.960000","0.000000","0.000000","0.000000","246.32","0.000000","0.000000"
"aw8","REGULAR","8143133","=""thiam""","A","","=""aw8SGsem""","","SGD","2021-11-27 22:29:50","1","150.000000","1","220.000000","1","68.000000","87","2222.300000","1273.600000","1.00","1","68.000000","0.000000","1.880000","0.000000","0.000000","0.000000","70.88","0.000000","0.000000"
"aw8","REGULAR","8179257","=""waizai""","A","","=""""","","SGD","2021-11-30 11:26:34","1","30.000000","0","0.000000","0","0.000000","2","30.000000","30.000000","-30.00","0","0.000000","0.000000","0.150000","0.000000","0.000000","0.000000","-29.85","0.000000","0.000000"
"aw8","REGULAR","8456175","=""faizalzack17""","A","","=""""","","SGD","2021-12-21 14:25:50","6","600.000000","1","1132.800000","0","0.000000","1173","1523.000000","1523.000000","526.07","0","0.000000","0.000000","14.350000","0.000000","0.000000","0.000000","540.42","0.000000","0.000000"
"aw8","REGULAR","8481803","=""kuru274748""","A","","=""discoman""","","SGD","2021-12-23 13:08:41","2","100.000000","0","0.000000","0","0.000000","1413","1019.400000","1019.400000","-61.88","0","0.000000","0.000000","5.100000","0.000000","0.000000","0.000000","-56.78","0.000000","0.000000"
"aw8","REGULAR","8604685","=""yang888""","A","","=""discoman""","","SGD","2022-01-02 02:22:33","0","0.000000","1","209.200000","0","0.000000","8","96.700000","90.130000","50.93","0","0.000000","0.000000","1.750000","0.000000","0.000000","0.000000","52.68","0.000000","0.000000"
"aw8","VIP GOLD","8716287","=""raziq6179""","A","","=""discoman""","","SGD","2022-01-09 13:40:47","0","0.000000","0","0.000000","0","0.000000","1","10.000000","10.000000","-10.00","0","0.000000","0.000000","3.760000","0.000000","0.000000","0.000000","-6.24","0.000000","0.000000"
"aw8","REGULAR","8776084","=""sohinnjie92""","A","Potential customer","=""""","","SGD","2022-01-13 14:15:04","1","25.000000","0","0.000000","1","68.000000","21","502.000000","432.000000","-99.05","1","68.000000","0.000000","0.860000","0.000000","0.000000","0.000000","-30.19","0.000000","0.000000"
"aw8","VIP GOLD","9341731","=""thxrox""","A","Main customer / VIP member","=""""","","SGD","2022-02-21 15:20:08","2","170.000000","2","150.000000","0","0.000000","282","4790.000000","3982.000000","-260.50","1","88.000000","0.000000","21.710000","0.000000","13.370000","0.000000","-137.42","443.000000","0.000000"
"aw8","VIP SILVER","9391335","=""ianlimyh1978""","A","","=""""","","SGD","2022-02-25 06:00:08","3","150.000000","0","0.000000","0","0.000000","6740","968.600000","968.600000","-155.83","0","0.000000","0.000000","5.810000","0.000000","0.000000","0.000000","-150.02","0.000000","0.000000"
"aw8","REGULAR","9396053","=""ravi3108""","A","SAME PASSWORD USER","=""""","","SGD","2022-02-25 13:58:16","1","60.000000","1","100.000000","0","0.000000","69","2020.000000","1611.720000","161.26","0","0.000000","0.000000","9.780000","0.000000","0.000000","0.000000","171.04","0.000000","0.000000"
"aw8","VIP BRONZE","9538460","=""imanwhite""","A","","=""""","","SGD","2022-03-08 05:17:56","9","660.000000","3","1259.700000","0","0.000000","541","11300.600000","10195.900000","548.70","0","0.000000","0.000000","27.570000","0.000000","103.880000","0.000000","680.15","0.000000","0.000000"
"aw8","REGULAR [V]","10054553","=""lysamutalib""","A","","=""""","","SGD","2022-04-12 00:41:33","1","200.000000","0","0.000000","0","0.000000","1116","2940.000000","2940.000000","-198.34","0","0.000000","0.000000","1.000000","0.000000","0.000000","0.000000","-197.34","0.000000","0.000000"
"aw8","REGULARS","10159289","=""eddy2win""","A","Fake Number,SAME PASSWORD USER","=""spinlistsg1""","","SGD","2022-04-17 12:34:10","1","409.500000","0","0.000000","0","0.000000","23","1946.000000","1741.000000","-411.00","0","0.000000","0.000000","4.640000","0.000000","0.000000","0.000000","-406.36","0.000000","0.000000"
"aw8","REGULAR","13541231","=""simonlee2728""","A","","=""""","","SGD","2022-07-29 12:33:57","5","145.000000","1","129.000000","0","0.000000","32","1115.900000","779.700000","-16.70","0","0.000000","0.000000","0.830000","0.000000","0.000000","0.000000","-15.87","0.000000","0.000000"
"aw8","REGULARS","15484070","=""xiiaorice""","A","SAME PASSWORD USER","=""""","","SGD","2022-09-27 23:29:57","4","549.000000","0","0.000000","1","68.000000","11","1291.700000","1263.350000","-531.80","1","68.000000","0.000000","5.320000","0.000000","0.000000","0.000000","-458.48","0.000000","0.000000"
"aw8","REGULAR","15828305","=""water""","A","","=""discoman""","","SGD","2022-10-15 15:17:00","2","102.000000","1","200.000000","0","0.000000","3172","2174.270000","1563.950000","95.07","0","0.000000","0.000000","2.990000","0.000000","0.000000","0.000000","98.06","0.000000","0.000000"
"aw8","VIP BRONZE","16241061","=""ionlek""","A","Special Upgrade VIP (Big)","=""discoman""","","SGD","2022-10-31 15:20:46","1","300.000000","1","100.000000","0","0.000000","345","2186.600000","1240.500000","-146.30","0","0.000000","0.000000","3.210000","0.000000","0.000000","0.000000","-143.09","0.000000","0.000000"
"aw8","VIP SILVER","16694078","=""suresh89""","A","","=""discoman""","","SGD","2022-11-16 17:40:57","3","7000.000000","1","7000.000000","1","888.000000","164","88168.110000","58934.054400","-1139.75","1","888.000000","0.000000","117.900000","0.000000","129.880000","0.000000","-3.97","0.000000","0.000000"
"aw8","VIP SILVER","16844265","=""soccerbet999""","A","","=""""","","SGD","2022-11-22 15:34:37","1","2993.840000","0","0.000000","0","0.000000","4","3026.000000","3026.000000","-3026.00","0","0.000000","0.000000","24.160000","0.000000","16.150000","0.000000","-2985.69","0.000000","0.000000"
"aw8","VIP BRONZE","16904395","=""happylife""","A","Special Upgrade VIP (Big)","=""""","","SGD","2022-11-24 12:33:09","6","2360.800000","7","1978.000000","1","370.230000","221","16158.000000","12640.730000","-597.27","2","458.230000","0.000000","52.580000","0.000000","40.590000","0.000000","-45.87","460.000000","0.000000"
"aw8","VIP BRONZE","17046953","=""blex123""","A","Fake Number,Special Upgrade VIP (Big)","=""""","","SGD","2022-11-30 07:15:59","1","30.000000","0","0.000000","1","68.000000","2","101.700000","101.700000","-101.70","1","68.000000","0.000000","3.240000","0.000000","0.000000","0.000000","-30.46","0.000000","0.000000"
"aw8","REGULAR","17314575","=""callyann""","A","SAME PASSWORD USER","=""""","","SGD","2022-12-10 08:55:08","10","1128.000000","4","1808.370000","1","68.000000","312","2105.110000","2105.110000","329.47","1","68.000000","0.000000","0.000000","0.000000","0.000000","0.000000","397.47","0.000000","0.000000"
"aw8","VIP BRONZE","17461639","=""blue12""","A","Special Upgrade VIP (Big)","=""""","","SGD","2022-12-15 16:38:39","1","67.000000","0","0.000000","0","0.000000","3","82.000000","82.000000","-82.00","0","0.000000","0.000000","1.200000","0.000000","0.000000","0.000000","-80.80","0.000000","0.000000"
"aw8","REGULAR [V]","17623460","=""chrisxwz""","A","Fake Number","=""discoman""","","SGD","2022-12-21 15:56:02","0","0.000000","0","0.000000","0","0.000000","75","36.000000","36.000000","-3.72","0","0.000000","0.000000","0.180000","0.000000","0.000000","0.000000","-3.54","0.000000","0.000000"
"aw8","VIP SILVER","17948184","=""torres1786""","A","Crypto bonus TO X2","=""aw8sgseo""","","SGD","2023-01-03 05:31:52","3","3097.900000","1","1263.870000","0","0.000000","49","8386.000000","7153.500000","-1878.50","0","0.000000","0.000000","28.470000","0.000000","16.000000","0.000000","-1834.03","0.000000","0.000000"
"aw8","VIP SILVER","18586454","=""tnmanvn""","A","","=""""","","SGD","2023-01-15 18:42:26","11","7840.000000","0","0.000000","2","1188.000000","35868","128818.000000","126664.500000","-10014.93","4","1576.000000","300.000000","707.060000","0.000000","243.680000","0.000000","-7788.19","849.000000","0.000000"
"aw8","VIP BRONZE","19718701","=""knights7788""","A","Crypto bonus TO X2","=""torres1786A""","","SGD","2023-01-20 14:46:48","2","2030.600000","2","2736.770000","0","0.000000","35","5640.000000","5097.500000","387.50","2","288.000000","0.000000","36.450000","0.000000","0.000000","0.000000","711.95","1522.500000","0.000000"
"aw8","VIP BRONZE","19737225","=""cudderchu""","A","Crypto bonus TO X2","=""torres1786A""","","SGD","2023-01-21 11:03:20","2","2000.020000","2","3375.000000","0","0.000000","37","5371.500000","4996.500000","1204.50","2","158.400000","0.000000","18.940000","0.000000","0.000000","0.000000","1381.84","334.000000","0.000000"
"aw8","VIP SILVER","19789757","=""hellokitty56""","A","Crypto bonus TO X2","=""torres1786A""","","SGD","2023-01-23 11:00:40","1","1024.400000","2","1295.430000","0","0.000000","54","6933.000000","5259.000000","-285.00","2","283.700000","0.000000","53.400000","0.000000","228.730000","0.000000","280.83","1084.000000","0.000000"
"aw8","VIP BRONZE","20631908","=""madog""","A","BONUS_HUNTER TOX5,Crypto bonus TO X2","=""""","","SGD","2023-02-19 09:51:13","2","2080.000000","2","1138.000000","0","0.000000","61","8458.000000","7236.500000","-956.50","0","0.000000","0.000000","22.450000","0.000000","0.000000","0.000000","-934.05","0.000000","0.000000"
"aw8","VIP BRONZE","20941779","=""bryan52""","A","Special Upgrade VIP (Small)","=""discoman""","","SGD","2023-03-01 15:16:46","3","150.000000","1","180.000000","1","68.000000","1914","1178.400000","1178.400000","-43.75","1","68.000000","0.000000","6.480000","0.000000","0.000000","0.000000","30.73","0.000000","0.000000"
"aw8","VIP BRONZE","20976327","=""markbags2020""","A","Special Upgrade VIP (Small)","=""""","","SGD","2023-03-02 15:43:05","3","250.210000","0","0.000000","0","0.000000","57","673.700000","460.700000","-291.70","0","0.000000","0.000000","1.400000","0.000000","0.000000","0.000000","-290.30","0.000000","0.000000"
"aw8","REGULAR","22037322","=""tranny762""","A","SAME PASSWORD USER","=""""","","SGD","2023-03-26 17:36:15","1","250.000000","1","277.820000","0","0.000000","44","3578.000000","2591.000000","22.50","0","0.000000","0.000000","5.180000","0.000000","0.000000","0.000000","27.68","0.000000","0.000000"
"aw8","REGULAR","22138665","=""stalin""","A","","=""""","","SGD","2023-03-29 12:47:06","4","500.000000","3","1300.000000","0","0.000000","1580","5070.200000","4111.800000","837.19","0","0.000000","0.000000","13.160000","0.000000","0.000000","0.000000","850.35","0.000000","0.000000"
"aw8","VIP SILVER","22653243","=""chillpls""","A","","=""""","","SGD","2023-04-14 03:39:14","0","0.000000","0","0.000000","0","0.000000","0","0.000000","0.000000","0.00","0","0.000000","0.000000","5.920000","0.000000","0.000000","0.000000","5.92","0.000000","0.000000"
"aw8","REGULAR","24316216","=""prakash0000""","A","","=""b2community""","","SGD","2023-06-04 04:29:52","1","20.000000","0","0.000000","0","0.000000","1120","228.600000","228.600000","-21.20","0","0.000000","0.000000","1.150000","0.000000","0.000000","0.000000","-20.05","0.000000","0.000000"
"aw8","REGULAR","24500823","=""gk8525""","A","","=""""","","SGD","2023-06-10 14:23:48","1","30.000000","0","0.000000","0","0.000000","286","74.570000","74.570000","-30.68","0","0.000000","0.000000","0.600000","0.000000","0.000000","0.000000","-30.08","0.000000","0.000000"
"aw8","REGULAR","24725455","=""wuleilei""","A","Fake Number","=""""","","SGD","2023-06-18 10:06:23","1","200.000000","1","400.000000","0","0.000000","3","477.000000","385.000000","225.37","0","0.000000","0.000000","2.540000","0.000000","0.000000","0.000000","227.91","0.000000","0.000000"
"aw8","VIP BRONZE","25355161","=""pierree""","A","SAME PASSWORD USER","=""""","","SGD","2023-07-04 06:55:32","4","500.000000","2","820.000000","0","0.000000","517","1337.360000","1020.040000","520.25","0","0.000000","0.000000","3.150000","0.000000","0.000000","0.000000","523.40","0.000000","0.000000"
"aw8","VIP SILVER","25356510","=""s967973c""","A","Potential customer","=""aw8sgseo""","","SGD","2023-07-04 08:23:24","0","0.000000","0","0.000000","0","0.000000","0","0.000000","0.000000","0.00","0","0.000000","0.000000","0.110000","0.000000","0.000000","0.000000","0.11","0.000000","0.000000"
"aw8","REGULAR","25383827","=""khornee""","A","","=""""","","SGD","2023-07-05 14:55:32","0","0.000000","1","150.310000","1","68.000000","14","515.000000","370.250000","82.25","1","68.000000","0.000000","0.790000","0.000000","0.000000","0.000000","151.04","0.000000","0.000000"
"aw8","VIP SILVER","25402313","=""kenthanwz""","A","","=""""","","SGD","2023-07-06 11:16:52","2","1300.000000","1","1146.090000","1","888.000000","97","22969.000000","21851.260000","-5192.91","2","976.000000","0.000000","199.470000","0.000000","26.110000","0.000000","-3991.33","341.400000","0.000000"
"aw8","REGULAR","25623505","=""murugan87""","A","","=""aw8sgseo""","","SGD","2023-07-12 04:45:04","11","1040.000000","0","0.000000","0","0.000000","292","7887.740000","5450.970000","-1050.17","0","0.000000","0.000000","10.900000","0.000000","4.390000","0.000000","-1034.88","0.000000","0.000000"
"aw8","REGULAR","25659315","=""dreamss456""","A","","=""""","","SGD","2023-07-13 09:17:37","2","100.000000","2","100.000000","0","0.000000","830","2017.000000","1802.050000","32.05","0","0.000000","0.000000","4.620000","0.000000","0.000000","0.000000","36.67","0.000000","0.000000"
"aw8","VIP SILVER","25755266","=""bncg""","A","","=""xxuan0422""","","SGD","2023-07-16 08:21:28","7","13000.000000","2","10000.000000","0","0.000000","822","200111.000000","150504.850000","-3922.70","1","450.000000","0.000000","607.030000","0.000000","215.790000","0.000000","-2649.88","639.000000","0.000000"
"aw8","VIP SILVER","26458963","=""jsseah""","A","Potential customer,SAME PASSWORD USER","=""aw8slot08""","","SGD","2023-08-08 00:12:46","9","2300.000000","3","767.380000","1","68.000000","106","16238.000000","11892.265000","-1532.14","1","68.000000","0.000000","66.770000","0.000000","28.080000","0.000000","-1369.29","0.000000","0.000000"
"aw8","REGULAR","26586881","=""season4""","A","","=""aw8clubapp""","","SGD","2023-08-12 08:29:55","0","0.000000","0","0.000000","0","0.000000","0","0.000000","0.000000","0.00","0","0.000000","0.000000","0.180000","0.000000","0.000000","0.000000","0.18","0.000000","0.000000"
"aw8","REGULAR","26985305","=""balavenkat""","A","","=""""","","SGD","2023-08-26 03:16:20","1","50.000000","0","0.000000","0","0.000000","163","339.500000","315.000000","-29.00","0","0.000000","0.000000","0.310000","0.000000","0.000000","0.000000","-28.69","0.000000","0.000000"
"aw8","VIP SILVER","27176292","=""mrnit""","A","VIP TRANSFER PLAN","=""Basketball""","","SGD","2023-09-02 19:11:28","3","595.000000","0","0.000000","0","0.000000","26","2071.000000","1738.750000","-611.25","0","0.000000","0.000000","7.030000","0.000000","10.180000","0.000000","-594.04","0.000000","0.000000"
"aw8","REGULAR","27445641","=""keltan89""","A","","=""""","","SGD","2023-09-14 09:15:24","29","1004.000000","1","215.000000","1","68.000000","1797","4993.400000","4804.720000","-895.73","1","68.000000","0.000000","11.510000","0.000000","14.200000","0.000000","-802.02","0.000000","0.000000"
"aw8","VIP SILVER","27532529","=""pradhi15""","A","SAME PASSWORD USER","=""""","","SGD","2023-09-17 15:49:47","2","155.000000","0","0.000000","1","68.000000","54","1666.600000","1254.600000","-226.60","1","68.000000","0.000000","2.510000","0.000000","0.000000","0.000000","-156.09","0.000000","0.000000"
"aw8","REGULAR","27674789","=""leo9889""","A","","=""safebetting""","","SGD","2023-09-21 17:31:54","4","130.000000","0","0.000000","0","0.000000","21","461.400000","394.990000","-131.95","0","0.000000","0.000000","1.930000","0.000000","0.000000","0.000000","-130.02","0.000000","0.000000"
"aw8","VIP PLATINIUM","27710562","=""munchoon8814""","A","VIP TRANSFER PLAN","=""""","","SGD","2023-09-22 21:14:40","6","1833.100000","3","1300.000000","1","365.140000","75","8850.000000","8256.000000","-1032.00","2","425.140000","0.000000","47.290000","0.000000","25.850000","0.000000","-533.72","660.000000","0.000000"
"aw8","REGULAR","27772397","=""veeramani06""","A","SAME PASSWORD USER","=""discoman""","","SGD","2023-09-25 03:24:38","8","176.000000","0","0.000000","0","0.000000","226","1133.000000","967.500000","-177.10","0","0.000000","0.000000","1.140000","0.000000","0.000000","0.000000","-175.96","0.000000","0.000000"
"aw8","VIP BRONZE","28626033","=""princess5683""","A","","=""""","","SGD","2023-10-26 19:42:16","2","327.000000","0","0.000000","0","0.000000","203","3011.000000","2637.000000","-335.60","0","0.000000","0.000000","7.930000","0.000000","0.000000","0.000000","-327.67","0.000000","0.000000"
"aw8","REGULAR","28714561","=""vinothathi90""","A","","=""""","","SGD","2023-10-30 12:20:43","3","243.000000","2","425.000000","0","0.000000","57","725.800000","631.800000","181.20","0","0.000000","0.000000","0.780000","0.000000","0.000000","0.000000","181.98","0.000000","0.000000"
"aw8","VIP SILVER","28740483","=""huat8810""","A","","=""""","","SGD","2023-10-31 15:13:35","0","0.000000","0","0.000000","1","68.000000","0","0.000000","0.000000","0.00","1","68.000000","0.000000","0.000000","0.000000","0.000000","0.000000","68.00","0.000000","0.000000"
"aw8","REGULAR","28749284","=""ong7871""","A","","=""aw8SGsem""","","SGD","2023-11-01 00:24:22","11","440.000000","0","0.000000","0","0.000000","5111","2479.600000","2479.600000","-454.87","0","0.000000","0.000000","14.740000","0.000000","0.000000","0.000000","-440.13","0.000000","0.000000"
"aw8","REGULAR","28903462","=""weiming""","A","","=""aw8SGsem""","","SGD","2023-11-07 16:15:18","12","469.000000","2","250.000000","0","0.000000","1614","2756.390000","2102.170000","-226.08","0","0.000000","0.000000","5.950000","0.000000","0.000000","0.000000","-220.13","0.000000","0.000000"
"aw8","REGULAR","28985336","=""rajaraja""","A","","=""aw8clubapp""","","SGD","2023-11-11 15:01:26","1","150.000000","0","0.000000","0","0.000000","876","852.400000","850.350000","-161.30","0","0.000000","0.000000","15.650000","0.000000","0.000000","0.000000","-145.65","0.000000","0.000000"
"aw8","REGULAR","29209131","=""ragupathi5681""","A","","=""""","","SGD","2023-11-21 08:19:07","9","450.000000","1","700.000000","0","0.000000","4265","2372.440000","2372.440000","-600.49","0","0.000000","0.000000","17.400000","0.000000","4.500000","0.000000","-578.59","0.000000","0.000000"
"aw8","VIP BRONZE","29526275","=""darlongan94""","A","Special Upgrade VIP (Small)","=""""","","SGD","2023-12-04 06:31:10","3","1000.000000","0","0.000000","0","0.000000","427","3555.000000","3555.000000","-1024.10","0","0.000000","0.000000","19.540000","0.000000","4.910000","0.000000","-999.65","0.000000","0.000000"
"aw8","VIP GOLD","29535352","=""transfer""","A","Special Upgrade VIP (Big),Under Observation Member,VIP TRANSFER PLAN","=""""","","SGD","2023-12-04 09:24:08","0","0.000000","0","0.000000","0","0.000000","0","0.000000","0.000000","0.00","0","0.000000","0.000000","7.470000","0.000000","0.000000","0.000000","7.47","0.000000","0.000000"
"aw8","REGULAR","31315920","=""kumar1304""","A","SAME PASSWORD USER","=""aw8live""","","SGD","2024-01-13 12:33:48","0","0.000000","0","0.000000","0","0.000000","0","0.000000","0.000000","0.00","0","0.000000","0.000000","0.010000","0.000000","0.000000","0.000000","0.01","0.000000","0.000000"
"aw8","REGULAR","31384143","=""karthick2712""","A","","=""aw8slot08""","","SGD","2024-01-16 00:05:59","5","156.370000","1","100.000000","0","0.000000","1265","801.400000","801.400000","-118.74","1","58.000000","0.000000","3.720000","0.000000","0.000000","0.000000","-57.02","58.500000","0.000000"
"aw8","VIP BRONZE","31418259","=""aheixia""","A","BONUS_HUNTER TOX5,Crypto bonus TO X2","=""""","","SGD","2024-01-17 08:09:55","3","4062.320000","3","4282.380000","1","68.000000","76","14766.700000","10999.700000","-49.70","3","222.900000","0.000000","33.980000","0.000000","27.780000","0.000000","234.96","862.000000","0.000000"
"aw8","REGULARS","31868826","=""caisenye888""","A","","=""""","","SGD","2024-02-05 16:20:09","0","0.000000","0","0.000000","0","0.000000","0","0.000000","0.000000","0.00","0","0.000000","0.000000","0.250000","0.000000","0.000000","0.000000","0.25","0.000000","0.000000"
"aw8","VIP GOLD","32262258","=""trxboy""","A","Potential customer,Special Upgrade VIP (Big)","=""""","","SGD","2024-02-22 08:46:37","3","463.000000","0","0.000000","1","68.000000","11","1005.430000","912.550000","-635.59","3","170.400000","0.000000","2.020000","0.000000","0.000000","0.000000","-463.17","103.000000","0.000000"
"aw8","REGULAR","32936217","=""ahteee""","A","","=""""","","SGD","2024-02-29 13:04:41","7","219.000000","0","0.000000","0","0.000000","2408","1865.250000","1864.200000","-279.12","0","0.000000","0.000000","9.310000","0.000000","0.000000","0.000000","-269.81","0.000000","0.000000"
"aw8","REGULAR","32974553","=""karuppaiah""","A","SAME PASSWORD USER","=""""","","SGD","2024-03-02 04:23:29","6","480.000000","5","1070.000000","0","0.000000","5100","12271.350000","12271.350000","528.69","0","0.000000","0.000000","62.830000","0.000000","0.000000","0.000000","591.52","0.000000","0.000000"
"aw8","REGULARS","33029505","=""monch19""","A","","=""""","","SGD","2024-03-04 12:26:49","4","180.000000","3","800.000000","0","0.000000","3575","2372.300000","2369.300000","609.79","0","0.000000","0.000000","11.000000","0.000000","0.000000","0.000000","620.79","0.000000","0.000000"
"aw8","REGULARS","33165846","=""junheng99""","A","","=""""","","SGD","2024-03-10 16:12:34","1","20.000000","0","0.000000","0","0.000000","56","47.720000","47.720000","-19.94","0","0.000000","0.000000","0.740000","0.000000","0.000000","0.000000","-19.20","0.000000","0.000000"
"aw8","VIP BRONZE","33296932","=""happy8891""","A","","=""aw8pro""","","SGD","2024-03-16 08:31:52","0","0.000000","0","0.000000","0","0.000000","0","0.000000","0.000000","0.00","0","0.000000","0.000000","0.020000","0.000000","0.000000","0.000000","0.02","0.000000","0.000000"
"aw8","VIP SILVER","33381734","=""cttc1551""","A","","=""FB KOL8""","","SGD","2024-03-20 01:59:22","0","0.000000","0","0.000000","0","0.000000","25","3343.000000","3113.000000","-2173.00","0","0.000000","0.000000","16.850000","0.000000","0.000000","0.000000","-2156.15","0.000000","0.000000"
"aw8","REGULAR","33545158","=""nightrealm""","A","","=""aw8slot08""","","SGD","2024-03-27 06:16:17","2","250.000000","1","395.000000","0","0.000000","13","594.000000","510.100000","138.20","0","0.000000","0.000000","7.280000","0.000000","0.000000","0.000000","145.48","0.000000","0.000000"
"aw8","VIP SILVER","33577002","=""yongjie09""","A","","=""""","","SGD","2024-03-28 15:37:22","1","80.000000","0","0.000000","0","0.000000","1","81.000000","81.000000","-81.00","0","0.000000","0.000000","0.600000","0.000000","0.000000","0.000000","-80.40","0.000000","0.000000"
"aw8","VIP SILVER","33743919","=""kenny9797""","A","","=""""","","SGD","2024-03-31 14:17:53","15","14500.000000","4","6224.710000","0","0.000000","178","44732.000000","41286.000000","-8799.50","1","300.000000","0.000000","150.340000","0.000000","72.130000","0.000000","-8277.03","380.000000","0.000000"
"aw8","VIP SILVER","33945169","=""crosing""","A","","=""""","","SGD","2024-04-09 19:56:01","13","1394.230000","11","954.900000","0","0.000000","183","7916.000000","6995.100000","-474.90","0","0.000000","0.000000","27.970000","0.000000","7.210000","0.000000","-439.72","0.000000","0.000000"
"aw8","REGULAR","33945756","=""mbappe10""","A","","=""discoman""","","SGD","2024-04-09 20:30:54","2","40.000000","1","70.000000","0","0.000000","16","185.000000","185.000000","14.92","0","0.000000","0.000000","1.250000","0.000000","0.000000","0.000000","16.17","0.000000","0.000000"
"aw8","REGULAR","34075926","=""sth235689zxc""","A","","=""galaseo(defend)""","","SGD","2024-04-16 06:48:40","5","370.000000","0","0.000000","0","0.000000","102","2191.800000","2029.300000","-374.00","0","0.000000","0.000000","4.040000","0.000000","0.000000","0.000000","-369.96","0.000000","0.000000"
"aw8","VIP PLATINIUM","34471372","=""lambbb""","A","Special Upgrade VIP (Big),VIP TRANSFER PLAN","=""aw8pro""","","SGD","2024-05-04 07:55:17","11","8050.000000","5","7597.680000","0","0.000000","559","73456.100000","65888.100000","-1228.01","1","300.000000","0.000000","385.540000","0.000000","90.130000","0.000000","-452.34","1800.000000","0.000000"
"aw8","REGULAR","34800050","=""sigamani79""","A","","=""""","","SGD","2024-05-18 07:48:20","5","230.000000","1","150.000000","0","0.000000","1220","798.680000","798.680000","-102.36","0","0.000000","0.000000","10.140000","0.000000","13.160000","0.000000","-79.06","0.000000","0.000000"
"aw8","REGULAR","34834348","=""satheshkumar""","A","","=""aw8pro""","","SGD","2024-05-19 11:48:05","1","380.000000","1","80.000000","0","0.000000","75","801.200000","602.400000","-301.00","0","0.000000","0.000000","0.600000","0.000000","0.000000","0.000000","-300.40","0.000000","0.000000"
"aw8","VIP SILVER","36426884","=""winningstreak""","A","","=""seogoorank""","","SGD","2024-07-23 11:37:34","7","3400.000000","0","0.000000","0","0.000000","265","13113.650000","8879.260000","-4882.65","0","0.000000","0.000000","55.100000","0.000000","160.850000","0.000000","-4666.70","0.000000","0.000000"
"aw8","REGULAR","36590175","=""lys666""","A","","=""""","","SGD","2024-07-26 23:28:40","8","349.000000","2","130.000000","1","118.000000","46","3014.000000","2447.390000","-399.61","1","118.000000","0.000000","12.700000","0.000000","0.000000","0.000000","-268.91","0.000000","0.000000"
"aw8","REGULAR","36743558","=""sergio888""","A","","=""seogoorank""","","SGD","2024-07-31 12:56:05","2","70.000000","1","50.000000","0","0.000000","56","769.000000","467.505000","-26.84","0","0.000000","0.000000","2.430000","0.000000","0.000000","0.000000","-24.41","0.000000","0.000000"
"aw8","REGULAR","37158843","=""qxng""","A","Special Free credit 10","=""readwritesg""","","SGD","2024-08-12 21:20:07","0","0.000000","0","0.000000","0","0.000000","1","4.000000","4.000000","-4.00","0","0.000000","0.000000","3.880000","0.000000","0.000000","0.000000","-0.12","0.000000","0.000000"
"aw8","VIP BRONZE","37334254","=""tedman""","A","Crypto bonus TO X2","=""torres1786A""","","SGD","2024-08-17 13:34:25","1","1950.000000","1","2553.240000","0","0.000000","44","9513.800000","7436.700000","388.30","2","165.700000","0.000000","29.790000","0.000000","41.270000","0.000000","625.06","165.000000","0.000000"
"aw8","VIP BRONZE","37616257","=""joe8636""","A","Fake Number","=""seogoorank""","","SGD","2024-08-28 00:55:29","3","515.000000","3","343.780000","1","68.000000","48","2850.000000","2402.240000","-250.51","1","68.000000","0.000000","13.210000","0.000000","0.000000","0.000000","-169.30","0.000000","0.000000"
"aw8","VIP BRONZE","37803362","=""b7d8c1""","A","Special Upgrade VIP (Big)","=""telecomasia""","","SGD","2024-09-05 12:34:32","2","2000.000000","3","5300.000000","1","118.000000","395","12406.000000","11522.750000","3892.25","2","418.000000","0.000000","60.450000","0.000000","42.490000","0.000000","4413.19","0.000000","0.000000"
"aw8","VIP BRONZE","38013180","=""applejewel""","A","","=""seogoorank""","","SGD","2024-09-15 03:48:38","4","1498.000000","0","0.000000","0","0.000000","67","10650.000000","9282.840000","-1322.65","1","88.000000","0.000000","47.830000","0.000000","22.180000","0.000000","-1164.64","101.000000","0.000000"
"aw8","VIP BRONZE","38041881","=""moeminhtwe34""","A","Special Upgrade VIP (Big)","=""seogoorank""","","SGD","2024-09-16 11:29:46","13","2145.000000","4","2800.000000","0","0.000000","7679","25833.085000","24916.735000","657.66","0","0.000000","0.000000","115.980000","0.000000","37.110000","0.000000","810.75","0.000000","0.000000"
"aw8","REGULAR","38144271","=""muru123456""","A","","=""seogoorank""","","SGD","2024-09-21 07:20:28","2","40.000000","1","50.000000","0","0.000000","799","136.060000","136.060000","9.21","0","0.000000","0.000000","0.770000","0.000000","0.000000","0.000000","9.98","0.000000","0.000000"
"aw8","REGULAR","38335157","=""aw8sysmlks""","A","","=""facebook2""","","SGD","2024-09-30 06:16:42","12","400.000000","1","210.000000","0","0.000000","4848","2383.600000","2383.600000","-202.78","0","0.000000","0.000000","10.780000","0.000000","0.000000","0.000000","-192.00","0.000000","0.000000"
"aw8","REGULAR","38364522","=""anand87""","A","","=""seogoorank""","","SGD","2024-10-01 18:49:33","4","2850.000000","0","0.000000","0","0.000000","4913","17323.800000","17323.800000","-3050.15","1","88.000000","0.000000","85.960000","0.000000","22.940000","0.000000","-2853.25","132.000000","0.000000"
"aw8","REGULAR","38395935","=""ehmoo""","A","Special Free credit 10","=""""","","SGD","2024-10-03 12:08:27","13","1520.000000","4","1730.000000","0","0.000000","7559","8785.030000","8781.430000","156.46","0","0.000000","0.000000","45.490000","0.000000","12.670000","0.000000","214.62","0.000000","0.000000"
"aw8","REGULAR","38398924","=""ronjeet""","A","Fake Number,Special Free credit 10","=""seogoorank""","","SGD","2024-10-03 15:10:10","3","170.000000","1","300.000000","0","0.000000","3621","4680.600000","4101.100000","-370.58","0","0.000000","0.000000","13.440000","0.000000","0.000000","0.000000","-357.14","0.000000","0.000000"
"aw8","VIP BRONZE","38402234","=""lethuan161219""","A","Special Upgrade VIP (Small)","=""seogoorank""","","SGD","2024-10-03 18:23:07","1","45.000000","0","0.000000","0","0.000000","37","157.200000","142.200000","-44.79","0","0.000000","0.000000","0.440000","0.000000","0.000000","0.000000","-44.35","0.000000","0.000000"
"aw8","REGULAR","38452593","=""sawsargay56""","A","","=""seogoorank""","","SGD","2024-10-06 12:26:30","0","0.000000","0","0.000000","0","0.000000","13","1.800000","1.800000","-1.08","0","0.000000","0.000000","1.160000","0.000000","0.000000","0.000000","0.08","0.000000","0.000000"
"aw8","VIP SILVER","38455203","=""ueki91""","A","VIP TRANSFER PLAN","=""FB KOL4""","","SGD","2024-10-06 15:15:14","0","0.000000","0","0.000000","1","68.000000","32","896.520000","764.030000","-70.97","1","68.000000","0.000000","3.060000","0.000000","0.000000","0.000000","0.09","0.000000","0.000000"
"aw8","VIP DIAMOND","38506797","=""bigboss80""","A","VIP TRANSFER PLAN","=""FBVIP8""","","SGD","2024-10-09 08:01:42","50","45714.500000","31","62509.790000","0","0.000000","665","179838.800000","157327.240000","15230.42","1","188.000000","0.000000","1102.650000","0.000000","274.280000","0.000000","16795.35","191.000000","0.000000"
"aw8","REGULAR","38731796","=""xeter""","A","Special Free credit 10","=""bvranking""","","SGD","2024-10-20 05:48:56","2","300.000000","1","400.000000","0","0.000000","62","729.410000","602.790000","298.76","0","0.000000","0.000000","1.120000","0.000000","0.000000","0.000000","299.88","0.000000","0.000000"
"aw8","VIP BRONZE","38893358","=""dc4198sw""","A","VIP TRANSFER PLAN","=""seogoorank""","","SGD","2024-10-27 19:21:43","2","49.000000","1","51.020000","0","0.000000","12","83.000000","71.165000","1.69","0","0.000000","0.000000","0.290000","0.000000","0.000000","0.000000","1.98","0.000000","0.000000"
"aw8","REGULAR","38951806","=""hallowlind""","A","","=""""","","SGD","2024-10-30 13:23:23","1","455.000000","0","0.000000","0","0.000000","2","456.000000","456.000000","-456.00","0","0.000000","0.000000","1.560000","0.000000","0.000000","0.000000","-454.44","0.000000","0.000000"
"aw8","REGULAR","38965023","=""nicholassu00""","A","","=""""","","SGD","2024-10-31 04:59:43","1","325.000000","0","0.000000","0","0.000000","3","270.000000","256.500000","256.50","0","0.000000","0.000000","0.550000","0.000000","0.000000","0.000000","257.05","0.000000","0.000000"
"aw8","REGULAR","39267130","=""lianza""","A","","=""seogoorank""","","SGD","2024-11-16 10:45:45","4","120.000000","1","50.000000","0","0.000000","157","516.300000","422.200000","-46.10","0","0.000000","0.000000","1.030000","0.000000","0.000000","0.000000","-45.07","0.000000","0.000000"
"aw8","REGULAR","39356067","=""aw8cris78""","A","","=""seogoorank""","","SGD","2024-11-21 13:21:02","0","0.000000","0","0.000000","0","0.000000","16","23.300000","21.500000","-17.50","0","0.000000","0.000000","0.320000","0.000000","0.000000","0.000000","-17.18","0.000000","0.000000"
"aw8","REGULAR","39457446","=""sakkaravarthy""","A","Fake Number,Special Free credit 10","=""aw8sgseo""","","SGD","2024-11-27 17:39:30","0","0.000000","0","0.000000","0","0.000000","3","42.000000","38.000000","-12.00","0","0.000000","0.000000","0.080000","0.000000","0.000000","0.000000","-11.92","0.000000","0.000000"
"aw8","REGULAR","39636959","=""karnan12""","A","Special Free credit 10","=""seogoorank""","","SGD","2024-12-08 04:48:37","2","40.000000","0","0.000000","0","0.000000","2770","352.660000","352.660000","-42.18","0","0.000000","0.000000","2.230000","0.000000","0.000000","0.000000","-39.95","0.000000","0.000000"
"aw8","REGULAR","39702436","=""nhacai1999""","A","Special Free credit 10","=""seogoorank""","","SGD","2024-12-11 19:34:57","8","2100.000000","2","1685.000000","0","0.000000","1282","8824.240000","7728.140000","-1549.71","0","0.000000","0.000000","29.910000","0.000000","27.780000","0.000000","-1492.02","0.000000","0.000000"
"aw8","REGULAR","39721962","=""transfer8""","A","","=""""","","SGD","2024-12-13 02:15:49","1","300.000000","3","2374.000000","0","0.000000","3","558.000000","527.000000","101.00","0","0.000000","0.000000","7.310000","0.000000","4.870000","0.000000","113.18","0.000000","0.000000"
"aw8","VIP GOLD","39784651","=""fsimin""","A","VIP TRANSFER PLAN","=""seogoorank""","","SGD","2024-12-16 18:19:09","25","10706.000000","0","0.000000","0","0.000000","10353","115947.500000","115947.500000","-12162.22","1","450.000000","0.000000","782.700000","0.000000","221.400000","0.000000","-10708.12","456.000000","0.000000"
"aw8","REGULAR [V]","39910244","=""satis1816""","A","","=""SEOlandingpage3""","","SGD","2024-12-24 10:34:29","4","300.000000","0","0.000000","0","0.000000","1439","1734.160000","1734.160000","-308.56","0","0.000000","0.000000","8.670000","0.000000","0.000000","0.000000","-299.89","0.000000","0.000000"
"aw8","REGULAR","40115235","=""gilbenj1003""","A","","=""seogoorank""","","SGD","2025-01-06 12:12:47","19","2170.000000","3","1200.000000","1","68.000000","16802","29111.500000","29111.500000","-1352.20","2","156.000000","0.000000","146.830000","0.000000","78.800000","0.000000","-970.57","208.000000","0.000000"
"aw8","REGULAR","40154468","=""ggjun0123""","A","Fake Number","=""seogoorank""","","SGD","2025-01-09 06:50:01","1","138.000000","0","0.000000","0","0.000000","44","1322.600000","1109.200000","-141.00","0","0.000000","0.000000","2.220000","0.000000","0.000000","0.000000","-138.78","0.000000","0.000000"
"aw8","REGULAR","40167764","=""vbhakkiya369""","A","Special Free credit 10","=""seogoorank""","","SGD","2025-01-10 04:31:53","2","60.000000","0","0.000000","0","0.000000","54","152.200000","113.800000","-68.80","0","0.000000","0.000000","0.310000","0.000000","8.000000","0.000000","-60.49","0.000000","0.000000"
"aw8","REGULAR","40343499","=""tylarwong1993""","A","","=""aw8pro""","","SGD","2025-01-21 12:22:25","0","0.000000","0","0.000000","0","0.000000","1","200.000000","200.000000","-200.00","0","0.000000","0.000000","1.000000","0.000000","0.000000","0.000000","-199.00","0.000000","0.000000"
"aw8","REGULAR","40397086","=""waikiatmak""","A","","=""SEOlandingpage3""","","SGD","2025-01-24 13:28:09","6","1800.000000","1","448.000000","1","68.000000","360","24490.760000","18503.918500","-1485.33","1","68.000000","0.000000","21.580000","0.000000","44.920000","0.000000","-1350.83","0.000000","0.000000"
"aw8","REGULAR","40511276","=""ganeshvinitha29""","A","","=""seogoorank""","","SGD","2025-01-31 00:45:35","6","200.000000","1","120.000000","0","0.000000","213","1451.880000","729.240000","-81.08","0","0.000000","0.000000","1.320000","0.000000","0.000000","0.000000","-79.76","0.000000","0.000000"
"aw8","REGULAR","40666655","=""muthu1988""","A","","=""""","","SGD","2025-02-09 06:40:24","0","0.000000","0","0.000000","0","0.000000","4","1.000000","1.000000","-0.82","0","0.000000","0.000000","1.350000","0.000000","0.000000","0.000000","0.53","0.000000","0.000000"
"aw8","REGULAR","40667331","=""aw8ravi16""","A","","=""""","","SGD","2025-02-09 07:42:13","4","91.000000","0","0.000000","0","0.000000","419","448.950000","274.900000","-91.49","0","0.000000","0.000000","0.800000","0.000000","0.000000","0.000000","-90.69","0.000000","0.000000"
"aw8","REGULAR","40684761","=""parthi123parthi""","A","","=""seogoorank""","","SGD","2025-02-10 07:52:16","2","300.000000","0","0.000000","0","0.000000","916","1606.200000","1594.800000","-52.22","0","0.000000","0.000000","2.520000","0.000000","0.000000","0.000000","-49.70","0.000000","0.000000"
"aw8","REGULAR","40724970","=""rathi4""","A","","=""""","","SGD","2025-02-12 12:25:43","15","300.200000","6","340.000000","0","0.000000","3517","1654.000000","1654.000000","11.60","0","0.000000","0.000000","8.110000","0.000000","0.000000","0.000000","19.71","0.000000","0.000000"
"aw8","VIP BRONZE","40770291","=""rose1234567899""","A","","=""fboffer2""","","SGD","2025-02-15 05:45:06","4","437.000000","0","0.000000","1","118.000000","175","8492.500000","4070.100000","-649.30","1","118.000000","0.000000","5.970000","0.000000","88.000000","0.000000","-437.33","0.000000","0.000000"
"aw8","REGULAR","40778532","=""angelasuarez""","A","","=""seogoorank""","","SGD","2025-02-15 16:25:53","20","760.000000","6","1447.570000","0","0.000000","789","11564.290000","8527.900000","708.63","0","0.000000","0.000000","8.910000","0.000000","21.070000","0.000000","738.61","0.000000","0.000000"
"aw8","VIP SILVER","40822947","=""tonypaiva1974""","A","","=""""","","SGD","2025-02-18 07:32:19","8","3070.000000","2","7640.000000","1","371.060000","6178","49444.500000","49444.500000","3660.00","3","550.270000","0.000000","275.240000","0.000000","85.080000","0.000000","4570.59","3575.000000","0.000000"
"aw8","REGULAR [V]","40857825","=""kyawthat""","A","","=""fboffer""","","SGD","2025-02-20 00:58:43","4","200.000000","0","0.000000","0","0.000000","4845","1020.500000","1020.500000","-226.82","1","10.180000","0.000000","4.240000","0.000000","13.150000","0.000000","-199.25","187.600000","0.000000"
"aw8","REGULAR","40931976","=""imperfection988""","A","","=""seogoorank""","","SGD","2025-02-24 03:01:57","2","40.000000","1","69.320000","0","0.000000","4","129.000000","69.120000","29.12","0","0.000000","0.000000","0.350000","0.000000","0.000000","0.000000","29.47","0.000000","0.000000"
"aw8","REGULAR","40938403","=""seonng""","A","","=""""","","SGD","2025-02-24 12:15:52","8","644.000000","2","550.000000","0","0.000000","7220","8746.400000","8746.400000","27.43","0","0.000000","0.000000","51.200000","0.000000","0.000000","0.000000","78.63","0.000000","0.000000"
"aw8","REGULAR","41196212","=""kannankannan""","A","","=""""","","SGD","2025-03-10 06:15:20","1","300.000000","0","0.000000","1","68.000000","26","551.400000","374.900000","-370.90","1","68.000000","0.000000","0.880000","0.000000","0.000000","0.000000","-302.02","0.000000","0.000000"
"aw8","VIP BRONZE","41259550","=""cat9207""","A","","=""bizzbuzz""","","SGD","2025-03-13 13:05:20","6","3200.000000","2","4870.110000","0","0.000000","1595","9355.000000","9355.000000","1509.83","0","0.000000","0.000000","62.950000","0.000000","98.170000","0.000000","1670.95","0.000000","0.000000"
"aw8","REGULAR","41324337","=""revhaojie""","A","","=""""","","SGD","2025-03-16 18:13:02","1","390.000000","1","788.750000","0","0.000000","3","400.000000","397.500000","397.50","0","0.000000","0.000000","0.800000","0.000000","0.000000","0.000000","398.30","0.000000","0.000000"
"aw8","REGULAR","41521986","=""kirukato28""","A","","=""seogoorank""","","SGD","2025-03-26 15:18:51","10","470.000000","2","450.000000","0","0.000000","281","1813.300000","1438.900000","-24.40","0","0.000000","0.000000","3.900000","0.000000","0.000000","0.000000","-20.50","0.000000","0.000000"
"aw8","REGULAR","41534540","=""gengarmonster""","A","","=""""","","SGD","2025-03-27 07:53:06","37","4442.000000","8","7395.000000","0","0.000000","4454","24797.050000","24692.050000","2807.38","0","0.000000","0.000000","112.090000","0.000000","32.280000","0.000000","2951.75","0.000000","0.000000"
"aw8","REGULAR","41534997","=""dave188188""","A","","=""""","","SGD","2025-03-27 08:28:45","7","1597.000000","1","300.000000","0","0.000000","19599","13404.900000","13343.640000","-1294.08","0","0.000000","0.000000","66.460000","0.000000","4.280000","0.000000","-1223.34","0.000000","0.000000"
"aw8","REGULAR","41585928","=""yaryar""","A","","=""seogoorank""","","SGD","2025-03-30 03:52:28","1","500.000000","1","500.000000","1","118.000000","152","1619.000000","1619.000000","529.00","1","118.000000","0.000000","2.930000","0.000000","0.000000","0.000000","649.93","0.000000","0.000000"
"aw8","REGULAR","41605870","=""nurulamir""","A","Fake Number","=""""","","SGD","2025-03-31 06:10:12","1","24.000000","1","200.000000","1","68.000000","81","1881.500000","1636.500000","129.50","1","68.000000","0.000000","3.270000","0.000000","0.000000","0.000000","200.77","0.000000","0.000000"
"aw8","REGULAR","41612143","=""devi2315""","A","","=""discoman""","","SGD","2025-03-31 14:30:44","2","60.000000","0","0.000000","0","0.000000","597","349.200000","349.200000","-64.41","0","0.000000","0.000000","4.290000","0.000000","0.000000","0.000000","-60.12","0.000000","0.000000"
"aw8","REGULAR","41645442","=""sssooo8800""","A","","=""aw8pro""","","SGD","2025-04-02 11:20:11","10","850.000000","1","200.000000","0","0.000000","999","7641.350000","6682.500000","-541.90","0","0.000000","0.000000","13.210000","0.000000","2.270000","0.000000","-526.42","0.000000","0.000000"
"aw8","REGULAR [V]","41674865","=""pgw123""","A","","=""aw8sgseo""","","SGD","2025-04-04 05:19:12","3","300.000000","0","0.000000","0","0.000000","11","1101.000000","1101.000000","-301.00","0","0.000000","0.000000","1.800000","0.000000","0.000000","0.000000","-299.20","0.000000","0.000000"
"aw8","REGULAR","41678096","=""lwinthiri""","A","","=""aw8pro""","","SGD","2025-04-04 10:18:56","14","1279.000000","1","450.000000","1","68.000000","509","8001.540000","4464.040000","-923.62","2","88.000000","0.000000","4.610000","0.000000","2.680000","0.000000","-828.33","123.500000","0.000000"
"aw8","REGULAR","41773538","=""louus888""","A","","=""aw8pro""","","SGD","2025-04-09 16:30:46","0","0.000000","0","0.000000","0","0.000000","0","0.000000","0.000000","0.00","0","0.000000","0.000000","0.430000","0.000000","0.000000","0.000000","0.43","0.000000","0.000000"
"aw8","VIP BRONZE","41812128","=""ngoo0099""","A","","=""seogoorank""","","SGD","2025-04-11 16:47:07","3","400.000000","1","50.540000","0","0.000000","781","6220.200000","5502.950000","-362.17","0","0.000000","0.000000","12.610000","0.000000","0.000000","0.000000","-349.56","0.000000","0.000000"
"aw8","REGULAR","41844517","=""avepan""","A","","=""discoman""","","SGD","2025-04-13 13:08:00","3","71.000000","0","0.000000","0","0.000000","8431","1875.720000","1861.320000","-110.60","0","0.000000","0.000000","10.110000","0.000000","0.000000","0.000000","-100.49","0.000000","0.000000"
"aw8","REGULAR [V]","41862391","=""ngkehan""","A","Website Welcome Bonus Member","=""""","","SGD","2025-04-14 14:45:38","1","260.000000","0","0.000000","0","0.000000","2","276.000000","276.000000","-276.00","0","0.000000","0.000000","0.550000","0.000000","0.000000","0.000000","-275.45","0.000000","0.000000"
"aw8","REGULAR [V]","41938612","=""gkk12909""","A","Fake Number,Website Welcome Bonus Member","=""""","","SGD","2025-04-19 02:18:25","0","0.000000","1","173.000000","0","0.000000","3","289.000000","284.000000","84.00","0","0.000000","0.000000","0.910000","0.000000","0.000000","0.000000","84.91","0.000000","0.000000"
"aw8","REGULAR","41995562","=""tengfung99""","A","","=""""","","SGD","2025-04-22 07:29:14","0","0.000000","1","1200.000000","0","0.000000","2","1753.000000","1753.000000","797.00","0","0.000000","0.000000","0.000000","0.000000","0.000000","0.000000","797.00","0.000000","0.000000"
"aw8","REGULAR","42094346","=""stalin1802""","A","","=""""","","SGD","2025-04-27 12:09:46","3","148.020000","2","120.000000","0","0.000000","10513","1930.550000","1915.500000","-32.15","0","0.000000","0.000000","9.120000","0.000000","0.000000","0.000000","-23.03","0.000000","0.000000"
"aw8","REGULAR","42133213","=""mathi1994""","A","","=""aw8sgseo""","","SGD","2025-04-29 11:53:23","3","60.000000","1","80.000000","0","0.000000","380","192.300000","192.300000","18.42","0","0.000000","0.000000","1.350000","0.000000","0.000000","0.000000","19.77","0.000000","0.000000"
"aw8","REGULAR","42175299","=""limshengli1""","A","","=""seogoorank""","","SGD","2025-05-01 15:01:32","14","748.830000","5","1095.000000","0","0.000000","4036","7375.210000","5916.540000","307.52","0","0.000000","0.000000","17.170000","0.000000","20.990000","0.000000","345.68","0.000000","0.000000"
"aw8","REGULAR","42296437","=""kukubird696969""","A","","=""""","","SGD","2025-05-08 11:25:04","0","0.000000","0","0.000000","0","0.000000","0","0.000000","0.000000","0.00","0","0.000000","0.000000","0.930000","0.000000","0.000000","0.000000","0.93","0.000000","0.000000"
"aw8","REGULAR","42501297","=""luckyjes""","A","","=""""","","SGD","2025-05-19 12:53:13","1","200.000000","0","0.000000","1","68.000000","250","12166.400000","10207.420000","-907.53","1","68.000000","0.000000","51.600000","0.000000","0.000000","0.000000","-787.93","0.000000","0.000000"
"aw8","VIP SILVER","42567717","=""mjolnir""","A","BONUS_HUNTER TOX5,Crypto bonus TO X2","=""""","","SGD","2025-05-22 19:48:19","1","1162.200000","1","2866.510000","0","0.000000","25","4706.000000","4240.000000","1148.00","2","358.340000","0.000000","13.170000","0.000000","188.000000","0.000000","1707.51","948.000000","0.000000"
"aw8","REGULAR","42655994","=""kenny0115""","A","","=""aw8pro""","","SGD","2025-05-27 11:17:58","0","0.000000","0","0.000000","1","68.000000","0","0.000000","0.000000","0.00","1","68.000000","0.000000","0.000000","0.000000","0.000000","0.000000","68.00","0.000000","0.000000"
"aw8","REGULAR","42684435","=""myolin7514""","A","","=""aw8sgseo""","","SGD","2025-05-28 22:41:01","4","90.000000","0","0.000000","0","0.000000","1067","328.000000","328.000000","-92.06","0","0.000000","0.000000","1.640000","0.000000","0.000000","0.000000","-90.42","0.000000","0.000000"
"aw8","REGULAR","42899588","=""nufail29""","A","","=""aw8sgseo""","","SGD","2025-06-10 03:01:33","5","135.000000","0","0.000000","0","0.000000","91","377.845000","360.795000","-106.00","0","0.000000","0.000000","0.230000","0.000000","0.000000","0.000000","-105.77","0.000000","0.000000"
"aw8","REGULAR","43553780","=""kimhuong1990""","A","","=""AW82504GML25""","","SGD","2025-07-13 06:02:02","2","1250.000000","0","0.000000","0","0.000000","3605","26597.800000","24559.250000","-1357.65","0","0.000000","0.000000","102.830000","0.000000","4.420000","0.000000","-1250.40","0.000000","0.000000"
"aw8","REGULAR","43777451","=""nneoyao""","A","","=""""","","SGD","2025-07-24 02:10:53","6","175.000000","1","52.000000","0","0.000000","48","293.390000","207.225000","-123.28","0","0.000000","0.000000","0.370000","0.000000","0.000000","0.000000","-122.91","0.000000","0.000000"
"aw8","VIP BRONZE","44019167","=""rarewoox0211""","A","","=""""","","SGD","2025-08-06 21:19:14","2","120.000000","0","0.000000","0","0.000000","69","518.500000","518.500000","-272.62","0","0.000000","0.000000","2.850000","0.000000","150.000000","0.000000","-119.77","0.000000","0.000000"
"aw8","REGULAR","44443834","=""liango""","A","","=""""","","SGD","2025-08-30 07:38:32","1","200.000000","1","1750.000000","0","0.000000","13","2669.000000","1832.500000","1532.50","0","0.000000","0.000000","19.610000","0.000000","0.000000","0.000000","1552.11","0.000000","0.000000"
"aw8","REGULAR","44590334","=""srisuresh101""","A","","=""""","","SGD","2025-09-07 07:24:33","6","420.000000","1","216.350000","0","0.000000","361","4809.000000","2023.000000","-217.80","0","0.000000","0.000000","1.760000","0.000000","0.000000","0.000000","-216.04","0.000000","0.000000"
"aw8","REGULAR","44695030","=""sasanjeewa""","A","","=""aw8sgseo""","","SGD","2025-09-13 02:21:03","0","0.000000","1","50.000000","0","0.000000","2072","1211.200000","1095.100000","9.90","0","0.000000","0.000000","2.140000","0.000000","0.000000","0.000000","12.04","0.000000","0.000000"
"aw8","REGULAR","44696533","=""m1988m""","A","","=""AW82504GML25""","","SGD","2025-09-13 04:57:00","4","600.000000","5","800.000000","1","68.000000","32","2190.000000","1773.630000","112.83","1","68.000000","0.000000","9.910000","0.000000","13.530000","0.000000","204.27","0.000000","0.000000"
"aw8","REGULAR","44771576","=""kmukii181094""","A","","=""aw8sgseo""","","SGD","2025-09-17 12:45:22","6","120.000000","3","200.000000","0","0.000000","1224","1120.000000","1120.000000","74.18","0","0.000000","0.000000","5.460000","0.000000","0.000000","0.000000","79.64","0.000000","0.000000"
"aw8","REGULAR","44953564","=""xixxixmmv""","A","","=""""","","SGD","2025-09-26 18:04:36","2","70.000000","0","0.000000","0","0.000000","135","292.240000","227.640000","-69.89","0","0.000000","0.000000","0.450000","0.000000","0.000000","0.000000","-69.44","0.000000","0.000000"
"aw8","REGULAR","44975910","=""papansbs1""","A","","=""""","","SGD","2025-09-27 22:39:06","1","40.000000","0","0.000000","0","0.000000","1001","248.200000","248.200000","-41.81","0","0.000000","0.000000","1.990000","0.000000","0.000000","0.000000","-39.82","0.000000","0.000000"
"aw8","REGULAR","45098450","=""mahes123456789""","A","","=""seogoorank""","","SGD","2025-10-04 16:27:47","11","260.000000","2","130.000000","0","0.000000","4911","1158.350000","1158.350000","-134.31","0","0.000000","0.000000","5.370000","0.000000","0.000000","0.000000","-128.94","0.000000","0.000000"
"aw8","REGULAR","45206523","=""p694b668""","A","","=""""","","SGD","2025-10-10 12:58:20","0","0.000000","0","0.000000","0","0.000000","5","7.000000","4.620000","-0.90","0","0.000000","0.000000","0.210000","0.000000","0.000000","0.000000","-0.69","0.000000","0.000000"
"aw8","REGULAR","45297099","=""islammdrasad""","A","","=""""","","SGD","2025-10-15 15:37:46","0","0.000000","0","0.000000","0","0.000000","0","0.000000","0.000000","0.00","0","0.000000","0.000000","0.040000","0.000000","0.000000","0.000000","0.04","0.000000","0.000000"
"aw8","REGULAR","45537295","=""kugansk""","A","","=""""","","SGD","2025-10-28 05:58:21","0","0.000000","0","0.000000","0","0.000000","128","82.400000","82.400000","-51.40","0","0.000000","0.000000","0.410000","0.000000","0.000000","0.000000","-50.99","0.000000","0.000000"
"aw8","REGULAR","45607917","=""kama9861""","A","","=""aw8sgseo""","","SGD","2025-11-01 13:55:23","3","80.000000","0","0.000000","0","0.000000","1308","352.560000","352.560000","-81.05","0","0.000000","0.000000","0.790000","0.000000","0.000000","0.000000","-80.26","0.000000","0.000000"
"aw8","REGULAR","45617544","=""elaiyaptr""","A","","=""""","","SGD","2025-11-02 02:30:10","2","1350.000000","1","215.000000","0","0.000000","1141","14321.150000","14321.150000","-1224.14","0","0.000000","0.000000","71.100000","0.000000","17.510000","0.000000","-1135.53","0.000000","0.000000"
"aw8","REGULAR","45620583","=""dhamo""","A","","=""""","","SGD","2025-11-02 07:26:24","9","1850.000000","6","1459.000000","0","0.000000","3593","6576.150000","6576.150000","-435.84","0","0.000000","0.000000","32.550000","0.000000","12.740000","0.000000","-390.55","0.000000","0.000000"
"aw8","REGULAR","45654163","=""pa274748""","A","","=""aw8sgseo""","","SGD","2025-11-04 10:27:19","0","0.000000","0","0.000000","0","0.000000","75","5.850000","5.850000","-0.37","0","0.000000","0.000000","0.030000","0.000000","0.000000","0.000000","-0.34","0.000000","0.000000"
"aw8","REGULAR","45790459","=""smg1380""","A","","=""""","","SGD","2025-11-13 03:09:04","0","0.000000","0","0.000000","0","0.000000","128","3469.000000","2249.340000","-207.91","0","0.000000","0.000000","15.750000","0.000000","0.000000","0.000000","-192.16","0.000000","0.000000"
"aw8","REGULAR","45898037","=""neethi""","A","","=""""","","SGD","2025-11-20 09:55:48","2","400.000000","1","139.000000","0","0.000000","787","1899.100000","1899.100000","-269.94","0","0.000000","0.000000","9.520000","0.000000","0.000000","0.000000","-260.42","0.000000","0.000000"
"aw8","REGULAR","45941374","=""dthanuskodi""","A","","=""""","","SGD","2025-11-23 06:23:04","1","20.000000","0","0.000000","0","0.000000","57","157.400000","91.000000","-20.00","0","0.000000","0.000000","0.180000","0.000000","0.000000","0.000000","-19.82","0.000000","0.000000"
"aw8","REGULAR","45968664","=""vijaysajay11""","A","","=""""","","SGD","2025-11-25 06:51:08","7","190.000000","0","0.000000","0","0.000000","287","1803.800000","1320.200000","-192.00","0","0.000000","0.000000","1.650000","0.000000","0.000000","0.000000","-190.35","0.000000","0.000000"
"aw8","REGULAR","45987706","=""vengatesh17""","A","","=""""","","SGD","2025-11-26 13:14:37","1","20.000000","0","0.000000","0","0.000000","49","437.000000","266.600000","-20.00","0","0.000000","0.000000","0.350000","0.000000","0.000000","0.000000","-19.65","0.000000","0.000000"
"aw8","REGULAR","46010083","=""parthi1988""","A","","=""""","","SGD","2025-11-28 00:18:25","0","0.000000","0","0.000000","0","0.000000","0","0.000000","0.000000","0.00","0","0.000000","0.000000","0.020000","0.000000","0.000000","0.000000","0.02","0.000000","0.000000"
"aw8","REGULAR","46029947","=""mainuddin22""","A","","=""""","","SGD","2025-11-29 10:56:51","0","0.000000","0","0.000000","0","0.000000","238","53.400000","53.400000","-11.87","0","0.000000","0.000000","0.270000","0.000000","11.190000","0.000000","-0.41","0.000000","0.000000"
"aw8","REGULAR","46031151","=""miahnoyan48""","A","","=""""","","SGD","2025-11-29 13:02:20","4","80.000000","0","0.000000","0","0.000000","302","1603.900000","1163.750000","-165.75","0","0.000000","0.000000","2.230000","0.000000","0.000000","0.000000","-163.52","0.000000","0.000000"
"aw8","REGULAR","46044685","=""aydenyew""","A","","=""seointernal""","","SGD","2025-11-30 06:59:18","0","0.000000","0","0.000000","0","0.000000","1","5.000000","5.000000","-5.00","0","0.000000","0.000000","5.430000","0.000000","0.000000","0.000000","0.43","0.000000","0.000000"
"aw8","REGULAR","46045879","=""luckykt""","A","","=""seointernal""","","SGD","2025-11-30 08:40:38","0","0.000000","0","0.000000","0","0.000000","1","16.000000","16.000000","-16.00","0","0.000000","0.000000","1.180000","0.000000","14.910000","0.000000","0.09","0.000000","0.000000"
"aw8","REGULAR","46049188","=""thiam123""","A","","=""aw8sgseo""","","SGD","2025-11-30 13:21:05","1","50.000000","0","0.000000","0","0.000000","205","124.225000","124.225000","-52.43","0","0.000000","0.000000","2.460000","0.000000","0.000000","0.000000","-49.97","0.000000","0.000000"
"aw8","REGULAR [V]","1636596","=""hugo1314""","A","","=""facebook""","","SGD","2020-05-03 16:21:54","1","20.000000","0","0.000000","0","0.000000","5","260.200000","224.100000","-19.85","0","0.000000","0.000000","0.450000","0.000000","0.000000","0.000000","-19.40","0.000000","0.000000"
"aw8","VIP GOLD","4239465","=""bibibibi""","A","","=""seosg""","","SGD","2021-02-09 07:35:40","3","1500.000000","1","2519.060000","0","0.000000","134","21388.000000","17113.750000","941.75","0","0.000000","0.000000","78.240000","0.000000","2.810000","0.000000","1022.80","0.000000","0.000000"
"aw8","VIP SILVER","4350908","=""domintoh""","A","","=""""","","SGD","2021-02-20 03:28:08","0","0.000000","0","0.000000","0","0.000000","1","1.000000","1.000000","-1.00","0","0.000000","0.000000","0.000000","0.000000","0.000000","0.000000","-1.00","0.000000","0.000000"
"aw8","VIP BRONZE","4358589","=""james2253""","A","","=""seosg""","","SGD","2021-02-20 23:32:22","1","180.000000","0","0.000000","0","0.000000","1","180.040000","180.040000","-180.04","0","0.000000","0.000000","0.270000","0.000000","0.000000","0.000000","-179.77","0.000000","0.000000"
"aw8","REGULAR [V]","5059658","=""alkakoi""","A","","=""discoman""","","SGD","2021-05-10 13:54:28","2","40.000000","0","0.000000","0","0.000000","1146","639.700000","639.700000","-43.15","0","0.000000","0.000000","3.200000","0.000000","0.000000","0.000000","-39.95","0.000000","0.000000"
"aw8","VIP BRONZE","5875488","=""williamtan878""","A","SAME PASSWORD USER","=""discoman""","","SGD","2021-07-20 02:52:23","13","1840.000000","2","2644.000000","0","0.000000","161","23096.600000","14997.200000","779.00","0","0.000000","0.000000","44.990000","0.000000","15.080000","0.000000","839.07","0.000000","0.000000"
"aw8","VIP SILVER","8899156","=""agape""","A","Special Upgrade VIP (Big)","=""""","","SGD","2022-01-22 04:43:12","0","0.000000","0","0.000000","0","0.000000","7","175.000000","147.500000","97.50","0","0.000000","0.000000","0.590000","0.000000","0.000000","0.000000","98.09","0.000000","0.000000"
"aw8","VIP BRONZE","9642226","=""hpw19e""","A","","=""discoman""","","SGD","2022-03-15 10:49:30","0","0.000000","0","0.000000","0","0.000000","1","124.750000","124.750000","-68.00","0","0.000000","0.000000","0.000000","0.000000","0.000000","0.000000","-68.00","0.000000","0.000000"
"aw8","VIP BRONZE","14971437","=""kingofgamblers""","A","","=""""","","SGD","2022-09-06 02:35:03","0","0.000000","0","0.000000","0","0.000000","4","3.000000","3.000000","-2.90","0","0.000000","0.000000","0.020000","0.000000","0.000000","0.000000","-2.88","0.000000","0.000000"
"aw8","VIP BRONZE","17926260","=""dolcelim88""","A","","=""discoman""","","SGD","2023-01-02 05:29:40","1","68.000000","0","0.000000","0","0.000000","55","140.000000","128.000000","-68.25","0","0.000000","0.000000","0.380000","0.000000","0.000000","0.000000","-67.87","0.000000","0.000000"
"aw8","VIP BRONZE","18182314","=""arultharson""","A","","=""""","","SGD","2023-01-13 13:24:57","0","0.000000","1","100.000000","0","0.000000","734","780.000000","779.700000","51.40","0","0.000000","0.000000","4.200000","0.000000","0.000000","0.000000","55.60","0.000000","0.000000"
"aw8","REGULAR","30909215","=""jasonhu83""","A","","=""""","","SGD","2023-12-29 09:27:41","5","117.390000","0","0.000000","0","0.000000","7309","803.000000","803.000000","-121.30","0","0.000000","0.000000","4.000000","0.000000","0.000000","0.000000","-117.30","0.000000","0.000000"
"aw8","REGULARS","33416520","=""yan1993""","A","SAME PASSWORD USER","=""""","","SGD","2024-03-21 14:09:40","1","20.000000","0","0.000000","0","0.000000","6","59.500000","59.000000","-20.00","0","0.000000","0.000000","0.120000","0.000000","0.000000","0.000000","-19.88","0.000000","0.000000"
"aw8","VIP BRONZE","35407576","=""blazes79""","A","","=""maxcorp""","","SGD","2024-06-11 18:45:14","2","600.000000","1","527.000000","0","0.000000","19","585.000000","530.000000","218.00","0","0.000000","0.000000","1.580000","0.000000","0.000000","0.000000","219.58","0.000000","0.000000"
"aw8","VIP SILVER","36093799","=""bk8kai""","A","VIP TRANSFER PLAN","=""maxcorp""","","SGD","2024-07-10 13:52:27","1","20.000000","0","0.000000","0","0.000000","3","22.400000","22.400000","-20.80","0","0.000000","0.000000","0.090000","0.000000","0.000000","0.000000","-20.71","0.000000","0.000000"
"aw8","REGULAR","37473123","=""kaungkaung""","A","Special Free credit 10","=""aw8pro""","","SGD","2024-08-23 10:34:22","4","160.000000","1","100.000000","0","0.000000","394","899.200000","821.400000","-31.30","0","0.000000","0.000000","1.130000","0.000000","0.000000","0.000000","-30.17","0.000000","0.000000"
"aw8","REGULAR","37702240","=""abdunnur12""","A","","=""seogoorank""","","SGD","2024-09-01 00:52:08","6","350.000000","0","0.000000","0","0.000000","113","1552.580000","1011.980000","-372.88","0","0.000000","0.000000","1.030000","0.000000","21.920000","0.000000","-349.93","0.000000","0.000000"
"aw8","REGULAR","37719894","=""nuttynutcrack""","A","","=""seogoorank""","","SGD","2024-09-01 19:10:27","4","100.000000","0","0.000000","0","0.000000","43","291.060000","246.260000","-99.86","0","0.000000","0.000000","0.430000","0.000000","0.000000","0.000000","-99.43","0.000000","0.000000"
"aw8","REGULAR","37759421","=""shankar1279""","A","SAME PASSWORD USER","=""""","","SGD","2024-09-03 11:45:16","1","20.000000","0","0.000000","0","0.000000","124","31.050000","31.050000","-20.30","0","0.000000","0.000000","0.160000","0.000000","0.000000","0.000000","-20.14","0.000000","0.000000"
"aw8","VIP GOLD","39179572","=""talonsky""","A","VIP TRANSFER PLAN","=""""","","SGD","2024-11-11 09:54:51","3","90.000000","2","500.990000","0","0.000000","63","1095.000000","898.850000","120.85","1","288.000000","0.000000","3.050000","0.000000","0.000000","0.000000","411.90","289.000000","0.000000"
"aw8","VIP SILVER","39528504","=""jasonc1966""","A","","=""aw8sgseo""","","SGD","2024-12-02 02:42:20","1","292.890000","0","0.000000","0","0.000000","20","1895.400000","1047.400000","-297.00","0","0.000000","0.000000","4.190000","0.000000","0.000000","0.000000","-292.81","0.000000","0.000000"
"aw8","REGULAR","39726254","=""wailinoo""","A","","=""seogoorank""","","SGD","2024-12-13 09:53:06","7","574.000000","0","0.000000","0","0.000000","108","1603.500000","1463.500000","-585.00","0","0.000000","0.000000","2.380000","0.000000","8.240000","0.000000","-574.38","0.000000","0.000000"
"aw8","VIP SILVER","40501428","=""tonyleewernpoh""","A","","=""aw8pro""","","SGD","2025-01-30 12:24:07","0","0.000000","0","0.000000","0","0.000000","1","11.000000","11.000000","-11.00","0","0.000000","0.000000","0.070000","0.000000","0.000000","0.000000","-10.93","0.000000","0.000000"
"aw8","REGULAR","41059178","=""vinoth2710""","A","","=""""","","SGD","2025-03-03 02:31:25","7","341.000000","1","100.000000","0","0.000000","350","1266.820000","844.750000","-242.23","0","0.000000","0.000000","1.690000","0.000000","0.000000","0.000000","-240.54","0.000000","0.000000"
"aw8","REGULAR","41166000","=""athm""","A","","=""aw8pro""","","SGD","2025-03-08 16:39:46","0","0.000000","0","0.000000","0","0.000000","1","2.800000","2.800000","-1.00","0","0.000000","0.000000","0.000000","0.000000","0.000000","0.000000","-1.00","0.000000","0.000000"
"aw8","REGULAR [V]","41384526","=""linch13127530""","A","","=""""","","SGD","2025-03-19 08:56:51","1","50.000000","1","50.000000","0","0.000000","1287","784.250000","784.250000","-2.60","0","0.000000","0.000000","3.920000","0.000000","0.000000","0.000000","1.32","0.000000","0.000000"
"aw8","REGULAR","41431696","=""sankar1723""","A","","=""""","","SGD","2025-03-21 16:30:40","0","0.000000","0","0.000000","0","0.000000","2","2.000000","2.000000","-2.00","0","0.000000","0.000000","0.000000","0.000000","0.000000","0.000000","-2.00","0.000000","0.000000"
"aw8","REGULAR","41650374","=""ashok214""","A","","=""aw8sgseo""","","SGD","2025-04-02 16:33:47","0","0.000000","0","0.000000","0","0.000000","42","38.750000","24.540000","-15.16","0","0.000000","0.000000","0.050000","0.000000","0.000000","0.000000","-15.11","0.000000","0.000000"
"aw8","REGULAR","42195272","=""sm7894321""","A","","=""seogoorank""","","SGD","2025-05-02 17:11:49","2","80.000000","0","0.000000","0","0.000000","65","823.620000","411.940000","-79.82","0","0.000000","0.000000","0.820000","0.000000","0.000000","0.000000","-79.00","0.000000","0.000000"
"aw8","REGULAR","43795090","=""kalai856""","A","","=""""","","SGD","2025-07-25 01:10:03","2","40.000000","0","0.000000","0","0.000000","117","77.820000","65.410000","-39.95","0","0.000000","0.000000","0.220000","0.000000","0.000000","0.000000","-39.73","0.000000","0.000000"
"aw8","REGULAR","44414912","=""hamboy94""","A","","=""aw8sgseo""","","SGD","2025-08-28 15:08:02","2","2600.000000","0","0.000000","0","0.000000","30","11011.410000","8966.130000","-2634.01","0","0.000000","0.000000","17.900000","0.000000","0.000000","0.000000","-2616.11","0.000000","0.000000"
"aw8","VIP SILVER","45000857","=""ddd88888""","A","","=""aw8sgseo""","","SGD","2025-09-29 08:12:27","0","0.000000","0","0.000000","0","0.000000","6","1346.000000","1316.350000","-87.65","0","0.000000","0.000000","5.270000","0.000000","88.000000","0.000000","5.62","0.000000","0.000000"
"aw8","REGULAR","45380154","=""monishraj""","A","","=""aw8sgseo""","","SGD","2025-10-20 04:22:08","1","20.000000","1","50.000000","0","0.000000","359","515.550000","330.850000","30.65","0","0.000000","0.000000","0.640000","0.000000","0.000000","0.000000","31.29","0.000000","0.000000"
"aw8","REGULAR","45643901","=""ryanhykel107""","A","","=""""","","SGD","2025-11-03 17:21:54","2","150.000000","1","100.000000","0","0.000000","878","935.450000","830.250000","-3.86","0","0.000000","0.000000","3.100000","0.000000","0.000000","0.000000","-0.76","0.000000","0.000000"
"aw8","REGULAR","45831389","=""myochit123""","A","","=""""","","SGD","2025-11-15 23:58:48","3","700.000000","0","0.000000","0","0.000000","5115","6884.303000","6880.803000","-733.32","0","0.000000","0.000000","32.930000","0.000000","0.000000","0.000000","-700.39","0.000000","0.000000"
"aw8","REGULAR","45873134","=""akks1626""","A","","=""""","","SGD","2025-11-18 15:31:56","2","200.000000","0","0.000000","0","0.000000","20","319.900000","255.350000","-200.55","0","0.000000","0.000000","0.510000","0.000000","0.000000","0.000000","-200.04","0.000000","0.000000"
"aw8","REGULAR","46064417","=""yeshaw886""","A","","=""aw8sgseo""","","SGD","2025-12-01 14:03:24","2","45.000000","1","50.000000","0","0.000000","221","870.100000","696.700000","5.10","0","0.000000","0.000000","1.130000","0.000000","0.000000","0.000000","6.23","0.000000","0.000000"
"aw8","REGULAR","46066548","=""deadlyelect""","A","","=""""","","SGD","2025-12-01 16:52:10","1","143.000000","0","0.000000","0","0.000000","13","1888.000000","1223.110000","-158.89","0","0.000000","0.000000","6.040000","0.000000","10.110000","0.000000","-142.74","0.000000","0.000000"
"aw8","REGULAR","46074993","=""muthukumar6868""","A","","=""""","","SGD","2025-12-02 07:31:40","3","65.000000","2","400.000000","0","0.000000","96","1554.500000","1152.000000","461.00","0","0.000000","0.000000","0.100000","0.000000","12.440000","0.000000","473.54","0.000000","0.000000"
"aw8","REGULAR","46076277","=""mervintan""","A","","=""""","","SGD","2025-12-02 09:27:40","1","255.000000","0","0.000000","0","0.000000","6","574.000000","525.700000","-268.30","0","0.000000","0.000000","2.510000","0.000000","13.510000","0.000000","-252.28","0.000000","0.000000"
"aw8","REGULAR","4152501","=""genie1988""","A","","=""""","","SGD","2021-01-31 04:43:23","0","0.000000","0","0.000000","0","0.000000","10","12.300000","7.700000","-1.00","0","0.000000","0.000000","0.000000","0.000000","0.000000","0.000000","-1.00","0.000000","0.000000"
"aw8","REGULAR [V]","4834755","=""nagasivapoluri""","A","","=""""","","SGD","2021-04-14 13:38:03","1","20.000000","0","0.000000","0","0.000000","3","96.000000","94.050000","-19.95","0","0.000000","0.000000","0.020000","0.000000","0.000000","0.000000","-19.93","0.000000","0.000000"
"aw8","VIP SILVER","9085489","=""walkonfire84""","A","","=""discoman""","","SGD","2022-02-03 15:44:53","1","20.000000","0","0.000000","0","0.000000","5","67.635000","65.085000","-20.26","0","0.000000","0.000000","0.380000","0.000000","0.000000","0.000000","-19.88","0.000000","0.000000"
"aw8","REGULAR [V]","15191540","=""ouyangfeng""","A","Fake Number","=""discoman""","","SGD","2022-09-14 11:01:01","1","50.000000","0","0.000000","0","0.000000","3063","625.400000","625.400000","-60.21","1","10.030000","0.000000","0.000000","0.000000","0.000000","0.000000","-50.18","602.200000","0.000000"
"aw8","REGULAR","21066611","=""ming1235""","A","","=""discoman""","","SGD","2023-03-04 14:23:31","1","130.000000","0","0.000000","0","0.000000","11","130.500000","130.500000","-130.50","0","0.000000","0.000000","0.260000","0.000000","0.000000","0.000000","-130.24","0.000000","0.000000"
"aw8","REGULAR","40044070","=""lukeybaka""","A","Fake Number","=""aw8sgseo""","","SGD","2025-01-01 18:30:47","0","0.000000","0","0.000000","0","0.000000","1","0.400000","0.400000","-0.40","0","0.000000","0.000000","0.000000","0.000000","0.000000","0.000000","-0.40","0.000000","0.000000"
"aw8","REGULAR","40101449","=""dhinesh46""","A","","=""""","","SGD","2025-01-05 15:02:24","1","20.000000","0","0.000000","0","0.000000","29","20.800000","20.800000","-19.88","0","0.000000","0.000000","0.100000","0.000000","0.000000","0.000000","-19.78","0.000000","0.000000"
"aw8","REGULAR","41326087","=""nandha8656""","A","","=""""","","SGD","2025-03-16 19:39:05","3","60.000000","0","0.000000","0","0.000000","193","601.600000","493.400000","-61.00","0","0.000000","0.000000","0.920000","0.000000","0.000000","0.000000","-60.08","0.000000","0.000000"
"aw8","REGULAR","41734469","=""rajkuma87""","A","","=""""","","SGD","2025-04-07 14:26:00","0","0.000000","0","0.000000","0","0.000000","44","3.500000","3.500000","-3.09","0","0.000000","0.000000","0.000000","0.000000","0.000000","0.000000","-3.09","0.000000","0.000000"
"aw8","REGULAR","42701049","=""sohlw91""","A","","=""""","","SGD","2025-05-29 21:46:25","0","0.000000","0","0.000000","0","0.000000","1","14.000000","14.000000","-14.00","0","0.000000","0.000000","0.000000","0.000000","0.000000","0.000000","-14.00","0.000000","0.000000"
"aw8","REGULAR","42731076","=""ozkai7568""","A","","=""""","","SGD","2025-05-31 14:18:32","1","50.000000","0","0.000000","0","0.000000","1","52.000000","52.000000","-52.00","0","0.000000","0.000000","0.000000","0.000000","0.000000","0.000000","-52.00","0.000000","0.000000"
"aw8","REGULAR","42880626","=""anbu241991""","A","","=""""","","SGD","2025-06-09 01:42:47","2","106.000000","0","0.000000","0","0.000000","312","203.300000","203.300000","-56.16","0","0.000000","0.000000","0.000000","0.000000","0.000000","0.000000","-56.16","0.000000","0.000000"
"aw8","REGULAR","43824607","=""zawhlainghtwe12""","A","","=""aw8sgseo""","","SGD","2025-07-26 14:18:44","1","230.000000","0","0.000000","0","0.000000","289","1992.800000","1818.300000","-233.75","0","0.000000","0.000000","3.580000","0.000000","0.000000","0.000000","-230.17","0.000000","0.000000"
"aw8","REGULAR","44133601","=""profits0000""","A","","=""""","","SGD","2025-08-13 11:23:39","1","20.000000","0","0.000000","0","0.000000","1","20.000000","20.000000","-20.00","0","0.000000","0.000000","0.000000","0.000000","0.000000","0.000000","-20.00","0.000000","0.000000"
"aw8","REGULAR","44732272","=""chunjinbong""","A","","=""aw8sgseo""","","SGD","2025-09-15 04:37:51","1","30.000000","2","120.000000","0","0.000000","0","0.000000","0.000000","0.00","0","0.000000","0.000000","0.000000","0.000000","0.000000","0.000000","0.00","0.000000","0.000000"
"aw8","REGULAR","44780545","=""nguyensyky69""","A","","=""aw8now""","","SGD","2025-09-17 23:55:48","3","70.000000","0","0.000000","0","0.000000","34","917.700000","917.700000","-69.87","0","0.000000","0.000000","0.000000","0.000000","0.000000","0.000000","-69.87","0.000000","0.000000"
"aw8","REGULAR","45942596","=""chann1927""","A","","=""""","","SGD","2025-11-23 08:38:10","1","455.000000","0","0.000000","0","0.000000","0","0.000000","0.000000","0.00","0","0.000000","0.000000","0.000000","0.000000","0.000000","0.000000","0.00","0.000000","0.000000"
"aw8","REGULAR","46073909","=""jakeybaby""","A","","=""""","","SGD","2025-12-02 05:42:22","2","40.000000","0","0.000000","0","0.000000","64","98.500000","81.200000","-40.00","0","0.000000","0.000000","0.000000","0.000000","0.000000","0.000000","-40.00","0.000000","0.000000"
